method,faithfulness,answer_relevancy,context_precision,context_recall,inference_time_seconds,avg_latency_seconds
base,0.9465500485908649,0.5083599729894119,0.7066666666091667,0.6736666666666667,307.44,6.15
rerank,0.9355237154150197,0.5478442361541046,0.7899999999468333,0.7836666666666667,713.59,15.18
hyde,0.9293002915451894,0.608587155209337,0.75499999994575,0.6869999999999998,737.05,14.74
agent_improved,0.9483333333333333,0.5970396649715616,0.8216666666082498,0.7603333333333333,870.07,17.4